Item #,Product ID,Product Name,Category,Subcategory,Unit,Price (INR),Discount (%),Published,Current Image Count,Storage Type
1,"6910a218103c0bf39ffe72c0","24 Mantra Organic White Poha","Atta , Rice & Dal","Poha, Daliya & Other Grains","1 Kg",55,0,Yes,1,"BASE64"
2,"690edd48c9b8cdb75b3905d5","Aashirvaad Superior MP Atta","Atta , Rice & Dal","Atta","5",40,0,Yes,1,"BASE64"
3,"6915a03caae89cd547adaa47","Ambi Pur Mood Therapy Collection Room Freshener (Rose)","Cleaning Essentials","Fresheners","1",45,0,Yes,1,"BASE64"
4,"691acf2aebb882a9fa93ad01","B Natural Orange Juice - Pack of 2","Cold Drinks & Juices","Fruit Juices","1",50,0,Yes,1,"BASE64"
5,"6915759ab8ebf60a0d946d93","Barilla Lasagne Egg Pasta","Breakfast & Instant Food","Imported Noodles & Pasta","1",55,0,Yes,1,"BASE64"
6,"6910a139103c0bf39ffe72ba","Basic Moong Dal (Dhuli)","Atta , Rice & Dal","Moong & Masoor","1 Kg",60,0,Yes,1,"BASE64"
7,"691576c8b8ebf60a0d946d97","Betty Crocker Original Pancake Mix","Breakfast & Instant Food","Instant Mixes","1",40,0,Yes,1,"BASE64"
8,"69137aead2e87ae4de6fb37a","Britannia 5050 Maska Chaska Sweet & Salty Biscuits","Bakery & Biscuits","Sweet & Salty","1",35,0,Yes,1,"BASE64"
9,"69137b22d2e87ae4de6fb37c","Britannia Little Hearts Classic Biscuit","Bakery & Biscuits","Sweet & Salty","1",20,0,Yes,1,"BASE64"
10,"6913795ed2e87ae4de6fb36e","Britannia Marie Gold Marie Biscuits","Bakery & Biscuits","Glucose & Marie","1",20,0,Yes,1,"BASE64"
11,"69137a22d2e87ae4de6fb374","Britannia NutriChoice Digestive Zero Biscuit","Bakery & Biscuits","Healthy & Digestive","1",25,0,Yes,1,"BASE64"
12,"69137a76d2e87ae4de6fb376","Britannia NutriChoice Seeds Biscuit","Bakery & Biscuits","Healthy & Digestive","1",25,0,Yes,1,"BASE64"
13,"69137ab1d2e87ae4de6fb378","Britannia NutriChoice Sugar Free Healthy & Digestive Cracker","Bakery & Biscuits","Healthy & Digestive","1",20,0,Yes,1,"BASE64"
14,"691accd3ebb882a9fa93acef","Bru Cold Coffee (Caramel)","Cold Drinks & Juices","Cold Coffee & Ice Tea","1",30,0,Yes,1,"BASE64"
15,"6913778cd2e87ae4de6fb360","Cadbury Chocobakes Choco Chip Cookies","Bakery & Biscuits","Cookies & Wafers","1",20,0,Yes,1,"BASE64"
16,"6913789cd2e87ae4de6fb368","Cadbury Oreo Original Vanilla Sandwich Cream Biscuits 481.25 g - Jumbo Pack","Bakery & Biscuits","Cream Biscuits","1",10,0,Yes,1,"BASE64"
17,"6915a1c4aae89cd547adaa49","CamPure Sandalwood Camphor  Kapur Cone","Cleaning Essentials","Fresheners","1",20,0,Yes,1,"BASE64"
18,"691578b9b8ebf60a0d946da3","Chef's Basket Durum Wheat Penne Domestic Pasta","Breakfast & Instant Food","Pasta","1",55,0,Yes,1,"BASE64"
19,"69137340d2e87ae4de6fb344","Chicco Fresh Spring Baby Laundry Detergent","Baby Care","Hygiene","1 Kg",150,0,Yes,1,"BASE64"
20,"691211f290633218b30f093b","Chicco Gentle Body Baby Wash & Shampoo","Baby Care","Bathing Needs","1",150,0,Yes,1,"BASE64"
21,"691375c1d2e87ae4de6fb354","Chicco Kids Toothbrush (Blue)","Baby Care","Oral Health & Eye Care","1",20,0,Yes,1,"BASE64"
22,"691375f2d2e87ae4de6fb356","Chicco Toothpaste (Strawberry Flavor, 12M+)","Baby Care","Oral Health & Eye Care","1",20,0,Yes,1,"BASE64"
23,"69157709b8ebf60a0d946d99","Ching's Secret Schezwan Fried Rice Masala - Pack of 5","Breakfast & Instant Food","Instant Mixes","1",25,0,Yes,1,"BASE64"
24,"69137633d2e87ae4de6fb358","Colgate Batman Bubble Fruit Flavour Kids Toothpaste (6+ Years)","Baby Care","Oral Health & Eye Care","1",20,0,Yes,1,"BASE64"
25,"69159f65aae89cd547adaa41","Colin Glass Cleaner (500 ml)","Cleaning Essentials","Floor Cleaners & More","1",45,0,Yes,1,"BASE64"
26,"6910a54d103c0bf39ffe72ce","Daawat Pulav Basmati Rice (Slender Grains)","Atta , Rice & Dal","Rice","1 Kg",100,0,Yes,1,"BASE64"
27,"6910a58a103c0bf39ffe72d0","Daawat Rozana Super Basmati Rice","Atta , Rice & Dal","Rice","1 Kg",95,0,Yes,1,"BASE64"
28,"69159e6faae89cd547adaa39","Dettol Liquid Disinfectant (Menthol Cool)","Cleaning Essentials","Disinfectant & More","1",25,0,Yes,1,"BASE64"
29,"69159eadaae89cd547adaa3b","Dettol Original Multi-Use Skin & Surface Wet Wipes","Cleaning Essentials","Disinfectant & More","1",45,0,Yes,1,"BASE64"
30,"691584a5b8ebf60a0d946dea","Exo Anti Bacterial Ginger Twist Dishwash Bar","Cleaning Essentials","Dishwashing Gels & Powder","1",30,0,Yes,1,"BASE64"
31,"690ede68c9b8cdb75b3905d7","Fortune Chakki Fresh (100% Atta, 0% Maida) Atta","Atta , Rice & Dal","Atta","5",45,0,Yes,1,"BASE64"
32,"6910a283103c0bf39ffe72c2","Fortune Indori Thick Poha","Atta , Rice & Dal","Poha, Daliya & Other Grains","1 Kg",45,0,Yes,1,"BASE64"
33,"690f7ddf018466f795b3875d","Fortune Maida","Atta , Rice & Dal","Besan, Sooji & Maida","5",50,0,Yes,1,"BASE64"
34,"69157ed5b8ebf60a0d946dd2","Gadre Seafood Seafood Snack","Chicken, Meat & Fish","Fish & Seafood","1",30,0,Yes,1,"BASE64"
35,"6915817ab8ebf60a0d946ddc","Gala Broom  Jhadu (Plastic Sticks)","Cleaning Essentials","Cleaning Tools","1",35,0,Yes,1,"BASE64"
36,"691581e8b8ebf60a0d946dde","Gala No Dust 90 cm Broom  Jhadu (Plastic, Blue & Brown)","Cleaning Essentials","Cleaning Tools","1",30,0,Yes,1,"BASE64"
37,"691582f4b8ebf60a0d946de0","Gala Wiper with Replaceable Handle","Cleaning Essentials","Cleaning Tools","1",30,0,Yes,1,"BASE64"
38,"6915a207aae89cd547adaa4b","Godrej Aer Matic Air Freshener - Cool Surf Blue","Cleaning Essentials","Fresheners","1",55,0,Yes,1,"BASE64"
39,"6919ffb974e2ea450fcc83eb","Godrej Aer Matic Air Freshener - Cool Surf Blue","Cleaning Essentials","Fresheners","1",25,0,Yes,1,"BASE64"
40,"6919ff6d74e2ea450fcc83e9","Godrej Aer Power Pocket Floral Delight Air Freshener","Cleaning Essentials","Fresheners","1",30,0,Yes,1,"BASE64"
41,"6915a24faae89cd547adaa4d","Godrej Aer Power Pocket Floral Delight Air Freshener","Cleaning Essentials","Fresheners","1",60,1,Yes,1,"BASE64"
42,"69157d61b8ebf60a0d946dcc","Godrej Real Good Chicken Curry Cut","Chicken, Meat & Fish","Chicken","1",30,0,Yes,1,"BASE64"
43,"69157f5ab8ebf60a0d946dd6","Godrej Yummiez Breakfast Chicken Sausage (Frozen)","Chicken, Meat & Fish","Sausage, Salami & Ham","1",30,0,Yes,1,"BASE64"
44,"69157fb4b8ebf60a0d946dd8","Godrej Yummiez Pepper & Herb Chicken Sausage (Frozen)","Chicken, Meat & Fish","Sausage, Salami & Ham","1",30,0,Yes,1,"BASE64"
45,"691acdd7ebb882a9fa93acf7","Guruji Kesaria Thandai","Cold Drinks & Juices","Concentrates & Syrups","1",50,0,Yes,1,"BASE64"
46,"691579a2b8ebf60a0d946da9","Haldiram's Minute Khana Pav Bhaji","Breakfast & Instant Food","Ready to Cook & Eat","1",45,0,Yes,1,"BASE64"
47,"691ace17ebb882a9fa93acf9","Hamdard Rooh Afza Rose Sharbat","Cold Drinks & Juices","Concentrates & Syrups","1",50,0,Yes,1,"BASE64"
48,"691208ce90633218b30f092f","Himalaya Babycare Baby Gift Set (Set of 7)","Baby Care","Baby Gifting & Toys","1",450,0,Yes,1,"BASE64"
49,"6913721bd2e87ae4de6fb33e","Himalaya Diaper Rash Cream","Baby Care","Health & Safety","1",45,0,Yes,1,"BASE64"
50,"691212e290633218b30f093d","Himalaya Gentle Baby Wash","Baby Care","Bathing Needs","1",60,0,Yes,1,"BASE64"
51,"6912091d90633218b30f0931","Himalaya Happy Baby Gift Set","Baby Care","Baby Gifting & Toys","1",250,0,Yes,1,"BASE64"
52,"69136f7fd2e87ae4de6fb332","Huggies Wonder Diaper (Pants, XXL, 15-25 kg)","Baby Care","Diapers & More","1",20,0,Yes,1,"BASE64"
53,"6910a5e6103c0bf39ffe72d2","India Gate Kolam Rice","Atta , Rice & Dal","Rice","10Kg",150,0,Yes,1,"BASE64"
54,"69157dbdb8ebf60a0d946dce","ITC Master Chef Desi Style Chicken Burger Patty (Frozen)","Chicken, Meat & Fish","Chicken","1",30,0,Yes,1,"BASE64"
55,"6910a01f103c0bf39ffe72b4","K-Pra Thalipeeth Bhajani Flour Mix","Atta , Rice & Dal","Millet & Other Flours","1 Kg",55,0,Yes,1,"BASE64"
56,"69157752b8ebf60a0d946d9b","Knorr Chinese Manchurian Instant Mix","Breakfast & Instant Food","Instant Mixes","1",20,0,Yes,1,"BASE64"
57,"69157ac3b8ebf60a0d946daf","Knorr Hot & Sour Vegetable Soup","Breakfast & Instant Food","Soup","1",20,0,Yes,1,"BASE64"
58,"69157b6cb8ebf60a0d946db1","Knorr International Italian Mushroom Soup","Breakfast & Instant Food","Soup","1",35,0,Yes,1,"BASE64"
59,"691577a5b8ebf60a0d946d9d","Knorr Mast Masala Soupy Noodles","Breakfast & Instant Food","Noodles","1",30,0,Yes,1,"BASE64"
60,"69157c24b8ebf60a0d946db3","Knorr Thick Tomato Soup","Breakfast & Instant Food","Soup","1",25,0,Yes,1,"BASE64"
61,"691585bcb8ebf60a0d946df0","Koparo Clean Large Kitchen Sponge Wipe (18 x 20.5 cm)","Cleaning Essentials","Dishwashing Accessories","1",30,0,Yes,1,"BASE64"
62,"691376aed2e87ae4de6fb35a","Kwality Kreamy Magic Cream Bread Roll","Bakery & Biscuits","Bread & Pav","50g",30,0,Yes,1,"BASE64"
63,"691376f2d2e87ae4de6fb35c","Kwality Whole Wheat Bread","Bakery & Biscuits","Bread & Pav","1",20,0,Yes,1,"BASE64"
64,"691acb6eebb882a9fa93ace5","Lazy Cocktails & Co. Variety Pack","Cold Drinks & Juices","Beverages Gift Packs","1",50,0,Yes,1,"BASE64"
65,"691377d0d2e87ae4de6fb362","Let's Try Ragi Kaju Pista Cookies","Bakery & Biscuits","Cookies & Wafers","1",24,0,Yes,1,"BASE64"
66,"69120bbd90633218b30f0935","Little's Baby Wipes","Baby Care","Baby Wipes","1",80,0,Yes,1,"BASE64"
67,"69159f98aae89cd547adaa43","Lizol Disinfectant Surface & Floor Cleaner","Cleaning Essentials","Floor Cleaners & More","1",45,0,Yes,1,"BASE64"
68,"69159ffcaae89cd547adaa45","Lizol Disinfectant Surface & Floor Cleaner (Citrus) 500 ml","Cleaning Essentials","Floor Cleaners & More","1",50,0,Yes,1,"BASE64"
69,"6911f9e490633218b30f0918","LuvLap 3 in 1 Baby Bed, Sleeping Bag & Carry Nest (Blue, New Born)","Baby Care","Baby Accessories & Apparel","1",550,0,Yes,1,"BASE64"
70,"6913737ed2e87ae4de6fb346","LuvLap Baby Laundry Detergent","Baby Care","Hygiene","1Kg",200,0,Yes,1,"BASE64"
71,"691370a2d2e87ae4de6fb338","LuvLap Blue Feeding Bottle (with Silicone Nipple, 250 ml)","Baby Care","Feeding","1",30,0,Yes,1,"BASE64"
72,"6911fa5590633218b30f091a","LuvLap Comfy Baby Walker & Rocker (Pink, 6 - 18 months)","Baby Care","Baby Accessories & Apparel","1",550,0,Yes,1,"BASE64"
73,"6913742ad2e87ae4de6fb34a","LuvLap Manual Breast Pump","Baby Care","Mom Care Needs","1",25,0,Yes,1,"BASE64"
74,"69120e3290633218b30f0937","LuvLap Moisturising Baby Wipes with Aloe Vera","Baby Care","Baby Wipes","1",40,0,Yes,1,"BASE64"
75,"691370f7d2e87ae4de6fb33a","LuvLap Natura Flo Wide Neck Feeding Bottle (3 Months+)","Baby Care","Feeding","1",20,0,Yes,1,"BASE64"
76,"691371b2d2e87ae4de6fb33c","LuvLap Washable Breast Pad","Baby Care","Feeding","1",25,0,Yes,1,"BASE64"
77,"6911fab890633218b30f091c","Maate Baby Travel Bag (Brown)","Baby Care","Baby Accessories & Apparel","1",500,0,Yes,1,"BASE64"
78,"69157813b8ebf60a0d946d9f","Maggi Masala - 2 Minutes Instant Noodles","Breakfast & Instant Food","Noodles","1",10,0,Yes,1,"BASE64"
79,"69137285d2e87ae4de6fb340","Mamaearth Digestion & Colic Relief Tummy Roll On","Baby Care","Health & Safety","1",50,0,Yes,1,"BASE64"
80,"6912133a90633218b30f093f","Mamaearth Gentle Cleansing Baby Shampoo","Baby Care","Bathing Needs","1",65,0,Yes,1,"BASE64"
81,"69136fddd2e87ae4de6fb334","MamyPoko Pants Standard Diaper (M, 7-12 kg)","Baby Care","Diapers & More","1",35,0,Yes,1,"BASE64"
82,"691373d9d2e87ae4de6fb348","Mee Mee Anti-Bacterial Baby Liquid Cleanser (Refill)","Baby Care","Hygiene","1 Kg",175,0,Yes,1,"BASE64"
83,"6910a2e9103c0bf39ffe72c4","Millets & More Cheese Millet Bhel","Atta , Rice & Dal","Poha, Daliya & Other Grains","1 Kg",48,0,Yes,1,"BASE64"
84,"691ace52ebb882a9fa93acfb","Monster Energy Drink","Cold Drinks & Juices","Energy Drinks","1",50,0,Yes,1,"BASE64"
85,"6912108990633218b30f0939","Mother Sparsh 98 % Pure Water Baby Wipes","Baby Care","Baby Wipes","1",40,0,Yes,1,"BASE64"
86,"691372ddd2e87ae4de6fb342","Mother Sparsh Tummy Roll On","Baby Care","Health & Safety","1",35,0,Yes,1,"BASE64"
87,"6910a341103c0bf39ffe72c6","MP'S BEST Lokwan Wheat","Atta , Rice & Dal","Poha, Daliya & Other Grains","1 Kg",48,0,Yes,1,"BASE64"
88,"691573afb8ebf60a0d946d87","MTR Gulab Jamun Dessert Mix","Breakfast & Instant Food","Dessert & Cake Mixes","1",45,0,Yes,1,"BASE64"
89,"690f991cad2e4eea5105700a","Natureland Chana Organic Besan","Atta , Rice & Dal","Besan, Sooji & Maida","500g",60,0,Yes,1,"BASE64"
90,"691acd22ebb882a9fa93acf1","Nescafe Choco Mocha Cold Coffee","Cold Drinks & Juices","Cold Coffee & Ice Tea","1",30,0,Yes,1,"BASE64"
91,"691acd5aebb882a9fa93acf3","Nescafe Iced Latte Cold Coffee - Pack of 2","Cold Drinks & Juices","Cold Coffee & Ice Tea","1",50,0,Yes,1,"BASE64"
92,"6912058190633218b30f0927","Nestle Lactogen Pro 2 Follow up Formula (After 6 Months Up to 12 Months)","Baby Care","Baby Food","500g",180,0,Yes,1,"BASE64"
93,"691205e290633218b30f0929","Nestle NAN PRO Powder Infant Formula (Upto 6 months - Stage 1)","Baby Care","Baby Food","500g",150,0,Yes,1,"BASE64"
94,"691575f0b8ebf60a0d946d95","Nongshim Kimchi Ramyun Noodle Soup","Breakfast & Instant Food","Imported Noodles & Pasta","1",50,0,Yes,1,"BASE64"
95,"691374c2d2e87ae4de6fb34e","Nuluv Burp Cloth (0 to 6 Months)","Baby Care","Nursing","1",120,0,Yes,1,"BASE64"
96,"6910a3af103c0bf39ffe72c8","Nutrela Soya Granules","Atta , Rice & Dal","Rajma, Chhole & Others","1 Kg",39,0,Yes,1,"BASE64"
97,"6910a63f103c0bf39ffe72d4","Organic Tattva Organic Urad Dal (Dhuli)","Atta , Rice & Dal","Toor, Urad & Chana","1 Kg",55,0,Yes,1,"BASE64"
98,"6913750ad2e87ae4de6fb350","Oyo Baby Bed Protector Sheet","Baby Care","Nursing","1",150,0,Yes,1,"BASE64"
99,"69137547d2e87ae4de6fb352","Oyo Baby Blanket (Star Blue)","Baby Care","Nursing","1",200,0,Yes,1,"BASE64"
100,"6912096290633218b30f0933","Oyo Baby Care Gift Set","Baby Care","Baby Gifting & Toys","1",250,0,Yes,1,"BASE64"
101,"69137045d2e87ae4de6fb336","Pampers All Round Protection Diaper (Pants, XXL, 15-25 kg)","Baby Care","Diapers & More","1",40,0,Yes,1,"BASE64"
102,"691acbb1ebb882a9fa93ace7","Paper boat Coconut Water - Pack of 6","Cold Drinks & Juices","Coconut Water","1",200,0,Yes,1,"BASE64"
103,"69137811d2e87ae4de6fb364","Parle Milano Chocolate Chip Biscuit","Bakery & Biscuits","Cookies & Wafers","1",15,0,Yes,1,"BASE64"
104,"69137994d2e87ae4de6fb370","Parle-G Glucose Biscuit - Pack of 2","Bakery & Biscuits","Glucose & Marie","1",30,0,Yes,1,"BASE64"
105,"691379c6d2e87ae4de6fb372","Parle-G Gold Biscuit - Pack of 2","Bakery & Biscuits","Glucose & Marie","1",20,0,Yes,1,"BASE64"
106,"69137b5cd2e87ae4de6fb37e","Patanjali Whole Wheat Nariyal Biscuit","Bakery & Biscuits","Sweet & Salty","1",20,0,Yes,1,"BASE64"
107,"69159ee8aae89cd547adaa3d","Pee Safe Toilet Seat Disinfectant Spray (Mint)","Cleaning Essentials","Disinfectant & More","1",50,0,Yes,1,"BASE64"
108,"691573fab8ebf60a0d946d89","Pillsbury Chocolate Cooker Cake Mix","Breakfast & Instant Food","Dessert & Cake Mixes","1",50,0,Yes,1,"BASE64"
109,"69157e1bb8ebf60a0d946dd0","Prasuma Original Chicken Momos (Frozen)","Chicken, Meat & Fish","Chicken","1",150,0,Yes,1,"BASE64"
110,"691586aab8ebf60a0d946df6","Pril Lime Grease Fighter Dishwash Gel","Cleaning Essentials","Dishwashing Gels & Powder","1",30,0,Yes,1,"BASE64"
111,"690edfb7c9b8cdb75b3905d9","Pro Nature Whole Wheat Organic Atta","Atta , Rice & Dal","Atta","5",40,0,Yes,1,"BASE64"
112,"690f9af6ad2e4eea51057014","Rajdhani Besan","Atta , Rice & Dal","Besan, Sooji & Maida","1 Kg",65,0,Yes,1,"BASE64"
113,"6910a06c103c0bf39ffe72b6","Rajdhani Chana Sattu","Atta , Rice & Dal","Millet & Other Flours","1 Kg",45,0,Yes,1,"BASE64"
114,"691acbf1ebb882a9fa93ace9","Raw Pressery Coconut Water - Pack of 6","Cold Drinks & Juices","Coconut Water","1",200,0,Yes,1,"BASE64"
115,"691acd90ebb882a9fa93acf5","Raw Pressery Iced Green Tea (Peach)","Cold Drinks & Juices","Cold Coffee & Ice Tea","1",50,0,Yes,1,"BASE64"
116,"691acc31ebb882a9fa93aceb","Real Activ 100% Tender Coconut Water - Pack of 4","Cold Drinks & Juices","Coconut Water","1",50,0,Yes,1,"BASE64"
117,"691ace82ebb882a9fa93acfd","Red Bull Energy Drink (250 ml)","Cold Drinks & Juices","Energy Drinks","1",50,0,Yes,1,"BASE64"
118,"6913784cd2e87ae4de6fb366","RiteBite Max Protein Choco Chips Cookie","Bakery & Biscuits","Cookies & Wafers","1",20,0,Yes,1,"BASE64"
119,"690f9baaad2e4eea5105701b","Samrat MP SoojiRava","Atta , Rice & Dal","Atta","500g",55,0,Yes,1,"BASE64"
120,"69158528b8ebf60a0d946dec","SaveMore Dishwashing Tub + Heavy Duty Scrub Pad Combo","Cleaning Essentials","Dishwashing Gels & Powder","1",30,0,Yes,1,"BASE64"
121,"69158712b8ebf60a0d946df8","SaveMore Lemon Dishwash Gel (500 ml) + Dishwashing Tub Combo","Cleaning Essentials","Dishwashing Gels & Powder","500g",30,0,Yes,1,"BASE64"
122,"69159f22aae89cd547adaa3f","Savlon Surface Disinfectant Spray - Pack of 2","Cleaning Essentials","Disinfectant & More","1",50,0,Yes,1,"BASE64"
123,"69158342b8ebf60a0d946de2","Scotch Brite - Broom  Jhadu","Cleaning Essentials","Cleaning Tools","1",30,0,Yes,1,"BASE64"
124,"691585fdb8ebf60a0d946df2","Scotch Brite Silver Sparks Scrub Pad","Cleaning Essentials","Dishwashing Accessories","1",30,0,Yes,1,"BASE64"
125,"69158639b8ebf60a0d946df4","Scotch Brite Stainless Steel Scrubber with 1 Scrub Pad","Cleaning Essentials","Dishwashing Accessories","1",30,0,Yes,1,"BASE64"
126,"69157436b8ebf60a0d946d8b","Slurrp Farm Banana Chocochip Pancake Mix","Breakfast & Instant Food","Dessert & Cake Mixes","1",45,0,Yes,1,"BASE64"
127,"6912082b90633218b30f092b","Slurrp Farm Beetroot Dosa Mix","Baby Care","Baby Food","500g",200,0,Yes,1,"BASE64"
128,"6912087690633218b30f092d","Slurrp Farm Spinach Dosa Mix","Baby Care","Baby Food","500g",200,0,Yes,1,"BASE64"
129,"6915749ab8ebf60a0d946d8d","Snapin Chilli Flakes","Breakfast & Instant Food","Herbs & Seasoning","1",20,0,Yes,1,"BASE64"
130,"691574e4b8ebf60a0d946d8f","Snapin Oregano","Breakfast & Instant Food","Herbs & Seasoning","1",30,0,Yes,1,"BASE64"
131,"69157543b8ebf60a0d946d91","Snapin Red Chilli Flakes Seasoning","Breakfast & Instant Food","Herbs & Seasoning","1",35,0,Yes,1,"BASE64"
132,"691acebaebb882a9fa93acff","Sting Energy Drink (250 ml)","Cold Drinks & Juices","Energy Drinks","1",50,0,Yes,1,"BASE64"
133,"69157f17b8ebf60a0d946dd4","Sumeru Five Senses Prawns Medium","Chicken, Meat & Fish","Fish & Seafood","1",30,0,Yes,1,"BASE64"
134,"691378ddd2e87ae4de6fb36a","Sunfeast Dark Fantasy Choco Creme Center Filled Biscuits (3 x 83 g)","Bakery & Biscuits","Cream Biscuits","1",20,0,Yes,1,"BASE64"
135,"69137914d2e87ae4de6fb36c","Sunfeast Dark Fantasy Desserts Choco Chunks Cookies","Bakery & Biscuits","Cream Biscuits","1",20,0,Yes,1,"BASE64"
136,"691578f4b8ebf60a0d946da5","Sunfeast Yipee Instant Pasta Treat - Masala","Breakfast & Instant Food","Pasta","1",50,0,Yes,1,"BASE64"
137,"6912051a90633218b30f0925","SuperBottoms Basic Newborn Baby Gift Set (Multicolour, 0-3 Months)","Baby Care","Baby Accessories & Apparel","1",400,0,Yes,1,"BASE64"
138,"691583b2b8ebf60a0d946de4","Surf Excel Easy Wash Detergent Powder (1 kg)","Cleaning Essentials","Cleaning Tools","1",30,0,Yes,1,"BASE64"
139,"690f9c72ad2e4eea51057027","Tata Sampann 100% Chana Dal Fine BesanGram Flour","Atta , Rice & Dal","Atta","1 Kg",65,0,Yes,1,"BASE64"
140,"6910a17e103c0bf39ffe72bc","Tata Sampann Unpolished Green Moong (Sabut) Whole Dal","Atta , Rice & Dal","Moong & Masoor","1 Kg",65,0,Yes,1,"BASE64"
141,"6910a67f103c0bf39ffe72d6","Tata Sampann Unpolished Kali Urad (Sabut)","Atta , Rice & Dal","Toor, Urad & Chana","1 Kg",55,0,Yes,1,"BASE64"
142,"6910a1c9103c0bf39ffe72be","Tata Sampann Unpolished Yellow Moong Dal (Dhuli) Split","Atta , Rice & Dal","Moong & Masoor","1 Kg",49,0,Yes,1,"BASE64"
143,"691579ecb8ebf60a0d946dab","Tata Sampann Yumside Cheesy Pasta With Black Olives - Ready to Eat","Breakfast & Instant Food","Ready to Cook & Eat","1",40,0,Yes,1,"BASE64"
144,"69157a42b8ebf60a0d946dad","Tata Sampann Yumside Classic Chicken Seekh Kebab","Breakfast & Instant Food","Ready to Cook & Eat","1",40,0,Yes,1,"BASE64"
145,"69137733d2e87ae4de6fb35e","The Baker's Dozen 100% Butter Croissant","Bakery & Biscuits","Bread & Pav","1",15,0,Yes,1,"BASE64"
146,"69137478d2e87ae4de6fb34c","The Moms Co. Natural Butter Nipple Cream (With Mono Cartons)","Baby Care","Mom Care Needs","1",30,0,Yes,1,"BASE64"
147,"691583eeb8ebf60a0d946de6","Tide Double Power Jasmine & Rose Detergent Powder - Get 1 kg Free","Cleaning Essentials","Detergent Powder & Bars","1",30,0,Yes,1,"BASE64"
148,"6910a0cc103c0bf39ffe72b8","True Elements Super Grains Oat Flour","Atta , Rice & Dal","Millet & Other Flours","1 Kg",60,0,Yes,1,"BASE64"
149,"69158771b8ebf60a0d946dfa","Vim Anti Smell Dishwash Gel With Pudina","Cleaning Essentials","Dishwashing Gels & Powder","1",30,0,Yes,1,"BASE64"
150,"69158573b8ebf60a0d946dee","Vim Lemon Dishwash Bar (Pack of 4)","Cleaning Essentials","Dishwashing Gels & Powder","1",30,0,Yes,1,"BASE64"
151,"691587c3b8ebf60a0d946dfc","Vim Lemon Dishwash Gel","Cleaning Essentials","Dishwashing Gels & Powder","500 ml ",30,0,Yes,1,"BASE64"
152,"69158452b8ebf60a0d946de8","Wheel 2 in 1 Clean & Fresh Detergent Powder","Cleaning Essentials","Detergent Powder & Bars","1",30,0,Yes,1,"BASE64"
153,"6910a6dc103c0bf39ffe72d8","Whole Farm Grocery Gram  Chana Dal","Atta , Rice & Dal","Toor, Urad & Chana","1 Kg",45,0,Yes,1,"BASE64"
154,"6910a40c103c0bf39ffe72ca","Whole Farm Grocery Kabuli Chana (Medium Size)","Atta , Rice & Dal","Rajma, Chhole & Others","500g",49,0,Yes,1,"BASE64"
155,"6910a44b103c0bf39ffe72cc","Whole Farm Premium Kashmiri Red Rajma","Atta , Rice & Dal","Rajma, Chhole & Others","500g",55,0,Yes,1,"BASE64"
156,"691acc7cebb882a9fa93aced","Wow! Coco Charge 100% Organic Tender Coconut Water","Cold Drinks & Juices","Coconut Water","1",50,0,Yes,1,"BASE64"
157,"69157859b8ebf60a0d946da1","Yu Chilli Manchurian Instant Cup Noodles","Breakfast & Instant Food","Noodles","1",40,0,Yes,1,"BASE64"
158,"6915795cb8ebf60a0d946da7","Yu Pink Sauce Instant Wheat Pasta (Penne) - Buy 1 Get 1 Free","Breakfast & Instant Food","Pasta","1",45,0,Yes,1,"BASE64"
159,"69157ff4b8ebf60a0d946dda","Zorabian Spicy Chicken Sausage","Chicken, Meat & Fish","Sausage, Salami & Ham","1",50,0,Yes,1,"BASE64"